,Title,Price
0,"Cetaphil Paraben, Sulphate-Free Gentle Skin Hydrating Face Wash Cleanser with Niacinamide, Vitamin B5 for Dry to Normal, Sensitive Skin - 125 ml",₹364
1,"Minimalist Anti-Acne Salicylic Acid 2% Face Wash For Oily & Acne Prone Skin | With LHA for Pore Cleansing, Oil Control & Sebum Regulation | Sulfate-Free Formula with Zinc for Gentle Exfoliation | Cleanser for Women & Men | 100 ml",₹284
2,"Garnier Skin Naturals, Facewash, Cleansing and Brightening, Bright Complete, 100 g",₹142
3,Himalaya Purifying Neem Face Wash|Clinically proven to fight against acne and pimples|Gently cleanses|100% naturally derived Neem|Works from 1st wash|For both men and women|400 ml,₹287
4,"Garnier Men, Face Wash, Brightening & Anti-Pollution, TurboBright Double Action, 100 g",₹185
5,Mamaearth Rice Face Wash With Rice Water & Niacinamide for Glass Skin | For Hydrated & Even skin Tone | Korean skin Care | All skin Types | For Men & Women | 100 ml,₹206
6,Simple Kind To Skin Refreshing Facial Wash 150 ml,₹294
7,"The Derma Co 1% Kojic Acid Face Wash | With Niacinamide & Alpha Arbutin | Reduces Dark Spots, Pigmentation & Blemishes | Cleanses & Brightens Skin | Non-Drying Formula | For All Skin Types | 100 ml",₹238
8,"Garnier Men, Anti-Pimple Face Wash, Repairs Skin & Balances Oils, AcnoFight, 100 g",₹172
9,"DERMATOUCH Bright & Even Tone Face Wash with Niacinamide, Vitamin E and Kojic Acid | Daily Gentle Face Cleanser For Tan, Pigmentation, Uneven Tone, Dark Spot Removal - 70G",₹201
10,Biotique Papaya Deep Cleanse Face Wash | Gentle Exfoliation | Visibly Glowing Skin | 100% Botanical Extracts| Suitable for All Skin Types | 200ml,₹202
11,"DOT & KEY Barrier Repair + Hydrating Gentle Face Wash With Probiotic | Ceremide Face Wash | For Dry Skin,Normal Skin&Sensitive Skin | Gently Cleanses Skin From Dirt & Oil For Unisex,175ML",₹307
12,"Cetaphil Paraben, Sulphate-Free Gentle Skin Hydrating Face Wash Cleanser with Niacinamide, Vitamin B5 for Dry to Normal, Sensitive Skin - 250 ml",₹714
13,"Ponds Bright Beauty Anti-Dullness & Brightening Facewash with Niacinamide | For Glass-Skin Like Shine and with 4X Visibly Brighter Skin, 200gm",₹158
14,DERMATOUCH Salicylic Acid 2% Face Wash | For Acne & Oil Control | Suitable to All Skin Types | For both Men & Women | 100ML,₹224
15,"Garnier Skin Naturals Bright Complete Vitamin C Face Wash - Vitamin C Face Wash For Brighter and Glowing Skin - Daily Cleanser Suitable For all Skin Types, 150g",₹209
16,Himalaya Purifying Neem Face Wash|Clinically proven to fight against acne and pimples|Gently cleanses|100% naturally derived Neem|Works from 1st wash|For both men and women| 400 ml (Pack of 2),₹599
17,POND'S Bright Beauty Vit C+E+A Gel Face Wash 100ml,₹127
18,Chemist at Play 30x Vitamin C Face Wash | Cleans Oil & Dirt | Fades Dark Spots | Improves Radiance | For All Skin Types | For Men & Women | Vegan | SLS & Paraben Free | 100 ml,₹200
19,"The Face Shop Rice Water Bright Foaming Face Wash 50ml, Face Wash for Glowing Skin, Cleanser for Uneven Skin Tone, Korean Skin Care Products, Face Wash For Oily skin",₹296
20,"Cetaphil Oily Skin Cleanser , Daily Face Wash for Oily, Acne prone Skin , Gentle Foaming, 125ml",₹594
21,"Muuchstac Ocean Face Wash for Men | Fight Acne & Pimples, Brighten Skin, Clears Dirt, Oil Control, Refreshing Feel - Multi-Action Formula (2x100 ml)",₹207
22,"Ethiglo Deep Cleansing Facial Foam Face Wash for Healthy, Soft and Smooth Skin | Removes Dirt, Impurities and Excess Oil | Suitable for All Skin Types | Pack of 1 (70ml)",₹221
23,"Clean & Clear Foaming Facewash for Oily Skin, Brown, 240ml",₹317
24,"Lacto Calamine Face Wash For Oily Skin |100ml each- Pack of 2 | Kaolin Clay, Niacinamide & Vitamin E | Facewash Reduces Excess Oil, Controls Pimples, Blackheads & Whiteheads |Face wash For Women & Men",₹179
25,Dot & Key Watermelon Cooling Gel Face Wash With Vitamin C & Cucumber | Face Wash For Glowing Skin|Oil Free |Removes Excess Oil & Dirt | For Combination & Oily Skin| For Women & Men|100Ml,₹214
26,DOT & KEY Vitamin C + E Super Bright Gel Face Wash For Glowing And Brightening Skin | All Skin Types| With Triple Vitamin C| Face Wash For Women & Men|175 Ml,₹300
27,The Derma Co 2% Sali-Cinamide Anti-Acne Face Wash | With 2% Salicylic Acid & 2% Niacinamide I Treats Active Acne & Fades Acne Marks I For Oily & Combination Skin I Power of 2 Actives | For Men & Women | 150 ml,₹394
28,"Himalaya Oil Clear Lemon Face Wash, 200ml",₹234
29,"Khadi Natural Sandalwood & Honey Face Wash | Reduces Scars, Blemishes | For Healthy, Radiant Skin | Suitable for All Skin Types | 210 ml",₹174
30,"L'Oreal Paris Glycolic Bright Daily Foaming Face Cleanser, 100ml | Glycolic Acid Face Wash for Dull Skin | Daily Glowing Facial Cleanser | Suitable for All Skin Types",₹204
31,"NIVEA MEN Dark Spot Reduction Face Wash 100 g | With Ginko and Ginseng Extracts for Clean, Healthy & Clear Skin in Summer | 10 X Vitamin C Effect for Radiant Skin |For Dark Spot Reduction",₹128
32,Mamaearth Ubtan Natural Glow Face Wash with Turmeric & Saffron | For Tan Removal & Skin brightening | SLS & Paraben Free | For All Skin Type | For Men & Women | 100 ml,₹214
33,Himalaya Dark Spot Clearing Turmeric Face Wash | Reduce dark spots in 7 days | Organically sourced & Cold-pressed turmeric | 100ml,₹134
34,Himalaya Purifying Neem Face Wash|Clinically proven to fight against acne and pimples|Gently cleanses|100% naturally derived Neem|Works from 1st wash|For both men and women|150 ml,₹177
35,"Plum 2% Niacinamide Simply Bright Face Wash With Rice Water 100 ml | Brightens Skin, Helps Fade Blemishes | Softens & Smoothens Skin | Gentle & Non-Drying | Women & Men | 100% Vegan",₹239
36,Biotique Fruit Brightening Face Wash| Ayurvedic and Organically Pure| Advanced Swiss Technology |100% Botanical Extracts| Suitable for All Skin Types | 200mL,₹182
37,"Ponds Bright Miracle Detox Facewash | 10X Power of Activated Charcoal| For Deep Cleaned Skin | Reveals Glow, Pollution Clear Face Wash, 200gm",₹288
38,Foxtale Vitamin C Super Glow Face Wash with Papaya enzyme | Reduces Tan | Boosts Glow | Gently Exfoliates & Brightens Skin | Reduces Pigmentation | Face Wash for Men & Women- 100ml,₹236
39,"Dot & Key Cica 2% Salicylic Acid Face Wash for Oily, Acne Prone Skin, With Green Tea I Acne Clearing Sulphate Free Face Wash for Men & Women (200ml) | Pack of 2",₹398
40,The Derma Co 1% Salicylic Acid Gel Face Wash with Salicylic Acid & Witch Hazel for Active Acne - 100 ml,₹238
41,"Garnier Bright Complete BRIGHTENING DUO ACTION Face Wash, 100g",₹135
42,Minimalist Gentle Face Wash With 6% Oat Extract & Hyaluronic Acid For Sensitive Skin (Dry to Normal) | Sulphate Free | Non-Drying | Fragrance Free | Gentle Cleanser (120 ML),₹284
43,"Neutrogena Oil Free Acne Wash | Deep Cleansing Face Wash with Salicylic Acid | Hydrating, Alcohol Free, Non Comedogenic & Dermatologically Tested | For Oily Acne Prone Skin | 175ml",₹599
44,"CeraVe Hydrating Cleanser For Normal To Dry Skin (236ml) - Non-Foaming Face Wash with Hyaluronic Acid And Ceramides | Non-Comedogenic, Non-Irritating And Fragrance-Free Cleanser",₹621
45,WOW Skin Science Brightening Vitamin C & Niacinamide Face Wash | For Brighter Glow | Paraben & Sulphates Free | Face Wash for Women & Men | 100 ml,₹90
46,Neutrogena Deep Clean Gentle Facial Cleanser | 2x Glycerin & Cleansing Agent | Alcohol-Free | Dermatologist Tested | Normal to Oily Skin | For Men and Women | 200ml,₹420
47,"Mamaearth Vitamin C Face Wash for Women & Men 250ml- Toxin-Free & Oil-Free Face Wash for Acne-Prone, Dry & Oily Skin - Illuminates Skin",₹398
